dose,expr,expr_err,tissue,cohort
0.1,2.1,0.4,liver,A
0.5,3.8,0.5,liver,A
1.0,5.1,0.6,liver,A
2.0,7.9,0.7,liver,A
4.0,11.2,0.9,liver,A
8.0,15.8,1.1,liver,A
0.1,1.8,0.3,kidney,A
0.5,3.1,0.4,kidney,A
1.0,4.4,0.5,kidney,A
2.0,6.8,0.6,kidney,A
4.0,9.6,0.8,kidney,A
8.0,13.9,1.0,kidney,A
0.1,2.4,0.4,liver,B
0.5,4.2,0.5,liver,B
1.0,5.8,0.6,liver,B
2.0,8.8,0.7,liver,B
4.0,12.5,0.9,liver,B
8.0,17.2,1.2,liver,B
0.1,2.0,0.3,kidney,B
0.5,3.4,0.4,kidney,B
1.0,4.9,0.5,kidney,B
2.0,7.4,0.6,kidney,B
4.0,10.4,0.8,kidney,B
8.0,14.8,1.0,kidney,B
