context_k,p99_ms,p99_sd,size,machine
1,42,4,small,laptop
2,50,5,small,laptop
4,66,6,small,laptop
8,96,8,small,laptop
16,150,12,small,laptop
32,240,18,small,laptop
1,58,5,mid,laptop
2,74,6,mid,laptop
4,102,9,mid,laptop
8,168,14,mid,laptop
16,290,22,mid,laptop
32,520,40,mid,laptop
1,86,7,large,laptop
2,118,10,large,laptop
4,186,16,large,laptop
8,340,28,large,laptop
16,690,55,large,laptop
32,1280,90,large,laptop
1,18,2,small,gpu
2,22,2,small,gpu
4,28,3,small,gpu
8,38,4,small,gpu
16,52,5,small,gpu
32,74,7,small,gpu
1,26,3,mid,gpu
2,32,3,mid,gpu
4,42,4,mid,gpu
8,58,6,mid,gpu
16,86,8,mid,gpu
32,128,11,mid,gpu
1,36,4,large,gpu
2,46,4,large,gpu
4,64,6,large,gpu
8,96,8,large,gpu
16,148,12,large,gpu
32,240,18,large,gpu
